"","min","min.1","min.2","min.3","min.4","min.5","min.6","a.limit","landscape.type"
"1",1.74322777838699,0.871613889193493,0.435806944596746,0.108951736149187,0.0544758680745933,0.0272379340372967,0.0136189670186483,0.01,"regular"
"2",5.9120027089876,2.9560013544938,1.4780006772469,0.369500169311725,0.184750084655863,0.0923750423279313,0.0461875211639656,0.01,"random"
"3",15.0639874129828,7.53199370649142,3.76599685324571,0.941499213311427,0.470749606655713,0.235374803327857,0.117687401663928,0.01,"clustered"
