"","min","min.1","min.2","min.3","min.4","min.5","min.6","a.limit","landscape.type"
"1",1.71818324873018,0.859091624365089,0.429545812182545,0.107386453045636,0.0536932265228181,0.026846613261409,0.0134233066307045,0.01,"regular"
"2",5.81015400342586,2.90507700171293,1.45253850085647,0.363134625214116,0.181567312607058,0.0907836563035291,0.0453918281517646,0.01,"random"
"3",14.8849361206335,7.44246806031673,3.72123403015836,0.930308507539591,0.465154253769796,0.232577126884898,0.116288563442449,0.01,"clustered"
