"","min.min","min","min.se","first","first.se","median","median.se","mean","mean.se","third","third.se","max","max.se","max.max","landscape.type"
"1",7.76127509911148,9.31216155891683,0.0754046391087541,10.9165718314622,0.0529040093239298,12.0266122272483,0.0498311417256478,12.2354485007322,0.0430246638985303,13.244844132834,0.0646931430599685,17.5963594121779,0.316147789768256,25.4159000583521,"regular"
"2",0.727749074063414,2.75379963948733,0.130274730982769,5.7045527943467,0.0840069468864038,7.62701977670015,0.0914796646099776,8.27819267179493,0.0664273694181482,10.2446418619773,0.113794123231047,20.1258560252075,0.397624320460224,24.928705426159,"random"
"3",0.0909630646759599,1.07491223813993,0.061309824071359,2.63692326604066,0.0406511536019419,3.43122253478402,0.0337542051845749,3.79051591599283,0.0416964868533004,4.41996171268533,0.0515994635847647,12.6138840574264,0.866685257398673,39.4732673049346,"clustered"
