"","min.min","min","min.se","first","first.se","median","median.se","mean","mean.se","third","third.se","max","max.se","max.max","landscape.type"
"1",7.68220188054446,9.17837599788873,0.0584461878892914,10.8747561078155,0.0351003081820782,11.9111233101125,0.0317665001010798,12.1493809808489,0.0229924273889437,13.1200843080798,0.0337629244819572,17.7724374909561,0.162488974260362,21.8416277419081,"regular"
"2",0.529221078157941,2.70635870576925,0.0946599599018369,5.67240902259098,0.0653772106131011,7.62393834698767,0.0728479866522069,8.21770565361256,0.0490787555181517,10.1223227034256,0.0757650292867913,19.130954425483,0.318557537344004,28.7400758854978,"random"
"3",0.178892683471023,1.06213577861931,0.0519616559756436,2.66664721071885,0.0244494879413442,3.42970505950197,0.0269244259388271,3.8160184936809,0.0253254743286415,4.42466711969889,0.0368399754418694,12.3079748750482,0.513038200457888,35.2010201010112,"clustered"
